"0","for (i in 1:length(unique(Int.Stds.data$Mass.Feature))) {
  Split_Dat[[i]] <- Data.bound %>%
    mutate(MIS = unique(Int.Stds.data$Mass.Feature)[i]) %>%
    left_join(Int.Stds.data %>%
                rename(MIS = Mass.Feature, IS_Area = Area.with.QC) %>%
                select(MIS, Replicate.Name, IS_Area), by = c(""Replicate.Name"", ""MIS"")) %>%
    left_join(Int.Stds.means %>%
                rename(MIS = Mass.Feature), by = ""MIS"") %>%
    mutate(Adjusted.Area = Area.with.QC/IS_Area*Average.Area)
}
"
"2","Warning: Detected an unexpected many-to-many relationship between `x` and `y`."
"2","Warning: Detected an unexpected many-to-many relationship between `x` and `y`."
"2","Warning: Detected an unexpected many-to-many relationship between `x` and `y`."
"2","Warning: Detected an unexpected many-to-many relationship between `x` and `y`."
"2","Warning: Detected an unexpected many-to-many relationship between `x` and `y`."
"2","Warning: Detected an unexpected many-to-many relationship between `x` and `y`."
"2","Warning: Detected an unexpected many-to-many relationship between `x` and `y`."
"2","Warning: Detected an unexpected many-to-many relationship between `x` and `y`."
"2","Warning: Detected an unexpected many-to-many relationship between `x` and `y`."
"2","Warning: Detected an unexpected many-to-many relationship between `x` and `y`."
"2","Error: vector memory exhausted (limit reached?)
"
