"0","library(xcms)"
"2","Loading required package: BiocParallel
"
"2","Loading required package: MSnbase
"
"2","Loading required package: BiocGenerics
"
"2","
Attaching package: ‘BiocGenerics’

"
"2","The following objects are masked from ‘package:lubridate’:

    intersect, setdiff, union

"
"2","The following objects are masked from ‘package:dplyr’:

    combine, intersect, setdiff, union

"
"2","The following objects are masked from ‘package:stats’:

    IQR, mad, sd, var, xtabs

"
"2","The following objects are masked from ‘package:base’:

    anyDuplicated, aperm, append, as.data.frame, basename, cbind, colnames, dirname, do.call, duplicated, eval, evalq,
    Filter, Find, get, grep, grepl, intersect, is.unsorted, lapply, Map, mapply, match, mget, order, paste, pmax, pmax.int,
    pmin, pmin.int, Position, rank, rbind, Reduce, rownames, sapply, setdiff, sort, table, tapply, union, unique, unsplit,
    which.max, which.min

"
"2","Loading required package: Biobase
"
"2","Welcome to Bioconductor

    Vignettes contain introductory material; view with 'browseVignettes()'. To cite Bioconductor, see 'citation(""Biobase"")',
    and for packages 'citation(""pkgname"")'.

"
"2","Loading required package: mzR
"
"2","Loading required package: Rcpp
"
"2","Warning: mzR has been built against a different Rcpp version (1.0.10)
than is installed on your system (1.0.11). This might lead to errors
when loading mzR. If you encounter such issues, please send a report,
including the output of sessionInfo() to the Bioc support forum at 
https://support.bioconductor.org/. For details see also
https://github.com/sneumann/mzR/wiki/mzR-Rcpp-compiler-linker-issue."
"2","Loading required package: S4Vectors
"
"2","Loading required package: stats4
"
"2","
Attaching package: ‘S4Vectors’

"
"2","The following objects are masked from ‘package:lubridate’:

    second, second<-

"
"2","The following objects are masked from ‘package:dplyr’:

    first, rename

"
"2","The following object is masked from ‘package:tidyr’:

    expand

"
"2","The following object is masked from ‘package:utils’:

    findMatches

"
"2","The following objects are masked from ‘package:base’:

    expand.grid, I, unname

"
"2","Loading required package: ProtGenerics
"
"2","
Attaching package: ‘ProtGenerics’

"
"2","The following object is masked from ‘package:stats’:

    smooth

"
"2","
This is MSnbase version 2.26.0 
  Visit https://lgatto.github.io/MSnbase/ to get started.

"
"2","
Attaching package: ‘MSnbase’

"
"2","The following object is masked from ‘package:base’:

    trimws

"
"2","
This is xcms version 3.22.0 

"
"2","
Attaching package: ‘xcms’

"
"2","The following objects are masked from ‘package:dplyr’:

    collect, groups

"
"2","The following object is masked from ‘package:stats’:

    sigma

"
"0","library(tidyverse)"
"0","library(RaMS)"
"2","
Attaching package: ‘RaMS’

"
"2","The following object is masked from ‘package:dplyr’:

    between

"
"0","library(vegan)"
"2","Loading required package: permute
"
"2","Loading required package: lattice
"
"2","
Attaching package: ‘lattice’

"
"2","The following object is masked from ‘package:xcms’:

    levelplot

"
"2","This is vegan 2.6-4
"
"2","
Attaching package: ‘vegan’

"
"2","The following object is masked from ‘package:xcms’:

    calibrate

"
"2","The following object is masked from ‘package:ProtGenerics’:

    tolerance

"
"2","The following object is masked from ‘package:mzR’:

    tolerance

"
"0","library(RColorBrewer)"
"0","library(readxl)"
